x1,x2,x3,x4,x5,y
14.47878143,5.11241001,552.7056502,7888.926227,1.543017072,8466.847538
30.0889382,4.840943149,572.2144672,8938.384509,0.717611137,9553.683909
19.8594994,5.296732317,28.47946612,3019.026376,1.656854509,3123.311226
52.11363504,5.198066815,64.39254232,7874.77714,0.500326315,8014.576231
51.4490987,4.76776475,599.7627023,2381.280604,0.509555982,3056.833882
47.13741517,4.86814871,283.8020344,7481.927878,1.377937683,7822.345339
76.82338555,5.074409576,0.142626334,9877.941634,2.51022758,9968.1339
52.43510646,4.842797517,25.80695434,7061.825169,105.3851463,7274.558704
88.12964689,4.796003297,55.16715488,3944.697974,1.329683828,4126.173528
78.92240414,4.640822532,489.782178,7075.593448,0.953888611,7681.198414
43.09024995,4.754683028,0.546591804,3838.299219,1.905799783,3895.770927
52.93484129,5.235396052,943.7689551,5117.405221,5.814378023,6133.237134
37.29644337,4.922071929,44.45702972,6195.082069,1.578988766,6314.219276
85.17602452,4.727334889,52.97702327,10665.2923,1.824380092,10854.49007
58.79639948,5.262312282,396.166137,9933.732783,0.90716495,10399.27105
29.21069129,4.790828719,0.278289907,4222.569547,1.46391942,4286.221725
96.00854273,5.259175061,69.44051965,2301.092395,16.61797948,2527.346939
85.57872129,4.836673429,214.9862092,7928.85809,1.296571419,8244.658543
62.97550887,4.765283857,205.5941109,6168.222479,0.8242677,6483.521108
66.02038144,5.1941745,41.61457959,3926.359254,8.233809072,4056.570331
96.8812783,4.711741778,154.0455272,7989.508777,2.621288257,8259.272275
37.03306571,4.640242764,101.0490323,10564.25743,0.543612617,10713.26358
97.59517618,5.206518399,275.013577,4672.727266,3.104875944,5076.284239
33.46715801,5.120018328,2.977686295,3657.523694,0.732297192,3727.261765
29.54173064,4.764071615,594.7587345,2199.179283,0.722775132,2860.531467
97.74717963,4.806293207,133.2900957,7831.591177,2.37965307,8084.306402
59.29585462,5.011868629,847.7316811,6780.174295,2.87133458,7700.932399
77.40295819,5.203375552,32.41895849,11750.45456,0.669133247,11895.36248
76.87223896,5.054220239,1.856624834,8762.318908,1.008710811,8878.816572
18.65629752,5.286254604,545.4387149,5197.412832,0.620595205,5796.831388
91.75780734,4.693253463,16.27975759,8489.265515,2.140056348,8627.588718
41.90602318,5.287735964,16.68785675,8739.350282,1.487653689,8845.691286
41.58197412,4.719111645,54.21855552,10829.64814,0.959119304,10954.46709
67.146264,4.787342223,611.1482617,2109.835041,0.519909887,2835.215991
58.6809959,4.785926628,2.583347588,5805.930174,0.667523474,5894.028701
95.16894597,5.259642645,336.8968083,6894.813213,1.928963117,7351.083046
98.5820475,4.904497816,822.1119359,8050.071065,0.512192663,9020.181822
22.35499839,4.766120741,460.1452142,6519.788205,0.564936414,7053.487611
56.54128304,5.1161229,473.5717042,3680.017466,8.647919339,4263.774319
83.20209554,5.042406999,833.6841862,5974.853483,0.600071489,6937.920832
68.05747562,4.658065918,565.6517962,10392.52575,0.958625253,11037.50203
66.55002004,4.804475079,570.077208,6920.087576,0.750093823,7611.758047
82.87970202,4.791388326,1.596562693,6148.355631,1.810144013,6281.20966
48.84785206,5.095628896,161.3407835,6745.587519,0.717918715,6966.238578
75.49132207,5.241858312,210.9860129,9459.860972,1.613077846,9755.506731
62.99328217,5.05363075,19.64791445,2344.585981,39.69696073,2518.008446
80.42752205,5.008163769,1.077917441,4378.434877,2.325881636,4515.173985
14.45516979,5.102858268,541.396254,3487.43539,1.220962525,4090.84678
85.97919608,5.149239666,285.2534222,11992.74846,1.509540539,12409.79968
10.55256159,5.181607918,818.2291228,10446.97898,0.743604939,11319.05458
20.33839819,4.764834207,0.008449157,4102.436152,0.746128583,4131.213954
34.79324436,4.988101624,216.428867,4082.648437,0.74347011,4346.14361
99.02594,4.782708033,277.1479483,4919.633258,90.4462532,5395.284155
67.05019219,5.118973701,4.753804524,2749.005077,0.650800736,2858.878908
13.81921425,4.675269126,205.249145,7949.199401,0.932466209,8203.927138
46.62842867,4.942745358,20.52063351,6983.417959,0.562286467,7078.804263
95.97683176,5.14305619,0.000244474,5079.253334,0.911908113,5195.154608
42.7466849,5.177622628,60.3907387,6096.933237,1.089729895,6246.247742
18.08823702,5.231250909,89.16187332,10302.30036,5.033525326,10437.56326
38.1290563,4.693480204,27.02734274,10409.27575,3.176926054,10525.21868
34.50599046,5.229443992,0.709207919,3718.30455,16.77321013,3818.884761
90.69328367,5.188353797,929.2837122,10762.63687,12.58106009,11812.64544
99.98922458,5.157639799,0.120631038,4955.876275,3.30689627,5113.652637
74.36551451,5.132845431,43.81486123,9058.573921,0.750038262,9208.20148
71.27555246,4.763087639,41.21738103,4557.003433,0.647290126,4706.495413
55.34056796,5.103153537,16.19821591,11406.61191,2.636931758,11508.03393
64.40716093,4.882180872,193.2255447,11389.69286,4.031428263,11674.30341
99.88562749,4.894279424,6.034456432,3548.806012,0.686376774,3662.518327
43.66715652,4.989825799,468.4691866,11830.38252,1.158971905,12352.09398
54.30063033,5.174841691,20.7681039,11958.82454,0.860692064,12080.01592
76.15380361,5.212039319,0.092267975,8503.608514,0.627510858,8614.065011
58.92881175,5.251241237,3.035422273,11947.96517,0.501780713,12017.32152
54.91381097,5.190428762,427.2873257,5487.886804,1.662735825,5991.859718
87.64370008,5.015803431,336.3259211,3424.783501,0.592077354,3887.043351
62.41316881,5.116939248,222.470755,4527.331646,0.73590699,4825.629323
25.33598056,4.879042792,0.141493148,5702.844677,2.771548736,5752.722453
81.30217706,5.029476907,293.1253208,10685.86994,0.819420877,11091.8504
33.78407249,5.225953,0.556568279,2088.820409,2.656744756,2159.863735
31.44928609,5.144976494,73.17830551,3356.560783,1.050279449,3470.627118
41.97044698,5.082996978,317.1820619,6938.086254,1.023654407,7318.923975
10.46328838,4.628045734,78.10436179,10430.86852,0.912106055,10570.45067
68.34583947,4.706189161,241.7041092,10971.66217,0.602455596,11313.72974
81.87670239,4.774316163,117.1487603,10311.19001,1.415620913,10526.4797
54.54264755,4.821593997,98.34341572,7703.775142,0.646384007,7878.008334
75.9488709,4.620841033,9.016956369,10431.14637,140.7238896,10664.76149
44.44077686,5.141237215,334.0513002,11502.5889,2.230123218,11901.0192
34.32281211,5.127777444,16.97590423,8508.884934,6.259285266,8618.129822
54.31277956,4.735853366,131.1606483,10564.1633,1.265061727,10767.05165
49.63378871,5.054062037,43.79979277,3583.239925,2.135300954,3720.403047
98.25939713,4.944016612,247.9677069,11536.2288,11.85376644,11924.03816
50.98112694,4.761376414,91.88593342,6726.852117,1.374694982,6917.537068
54.8117596,4.702080671,647.5518207,7227.338452,0.588407733,7936.192951
99.89469861,4.749225563,64.24727117,8046.049274,0.59797297,8227.066419
13.81578284,4.843649289,0.369776171,7607.943917,1.631868347,7670.125871
73.08671031,4.758929989,397.1800891,8785.457588,0.586021433,9263.24384
25.14118744,4.956306948,631.7601743,5462.0626,1.450136174,6172.988973
99.09339446,4.711902747,454.7437249,7448.698526,2.667783524,8034.284659
65.00750134,4.721063988,5.601328886,3768.375768,2.289049749,3878.924739
91.38815075,5.2254748,534.0299519,3729.503164,0.937680813,4381.584856
89.37993721,5.073003289,863.1052461,11581.43297,2.583448434,12584.61857
60.72549939,4.856465055,265.8488682,8683.041213,1.379423198,9049.756492
29.61211374,5.143560362,237.6353212,3701.72372,1.032702594,4014.685325
63.30562176,4.822066339,36.41254945,9937.213545,4.889068541,10079.43297
69.20267526,5.24086813,5.101324873,6775.206896,0.801111943,6898.107007
20.25120728,5.139792878,65.54146036,8571.552976,0.522786959,8696.598363
79.58237104,4.883879498,72.03174564,3911.899917,1.039572277,4099.049758
43.44278938,5.256088731,332.1422522,10712.96818,6.749236116,11124.75408
30.55409625,4.68576817,645.7576481,10651.16457,7.711269583,11359.59873
88.81294019,5.157570548,293.9239168,3132.684935,1.531814926,3545.080178
95.59508101,4.906105688,582.5873303,7655.43406,15.31310461,8382.195515
70.01591395,5.122607889,69.63698016,4419.394145,1.289243285,4586.002927
43.6642111,5.037212576,3.449953477,8118.669386,2.19282743,8199.991717
12.72072512,4.8714628,237.4556213,6954.649806,0.538093056,7243.163971
44.19121469,4.928597757,3.36526752,6365.303643,2.626086474,6428.531135
87.65301335,5.02895367,758.2596272,3302.188757,0.602799504,4186.201046
99.18991612,5.214458031,0.006449285,2739.851248,2.603167316,2849.453977
16.03518609,5.282557464,5.762391016,5056.248306,0.568560501,5133.340525
56.16565874,5.164415894,238.808278,4541.431236,1.199197194,4881.911768
99.15313326,5.21775115,2.322193382,10505.42485,0.508610167,10621.55873
10.24400725,5.129163971,410.7782182,5475.317005,0.761795083,5940.442689
67.52020299,5.093498975,54.27403497,11347.57181,0.692116832,11513.68646
33.63138526,5.222545125,126.9040231,9658.652407,0.621494527,9848.454931
100.3266349,4.855096488,15.52854069,3327.471364,1.088056428,3458.316461
19.33066618,4.833185744,215.4700001,5267.026547,0.715392552,5516.913044
25.78436849,5.277526698,70.56356949,9916.388375,11.28942793,10069.62323
65.08788955,5.225501263,211.4966044,4261.173915,1.951464245,4573.076457
53.71679146,4.917895198,0.012167484,10082.86227,0.663000401,10171.80309
56.00304554,4.927354866,0.177876026,10961.89699,2.136484993,11065.40715
81.16123548,4.814119771,450.9657602,6301.079672,0.623307758,6853.102702
74.43493593,4.689210318,20.02090595,5149.599147,3.812059815,5283.802814
89.63147659,5.11614971,14.33780962,7046.844682,0.691979907,7194.850368
96.41218162,5.174394512,72.77836991,11078.8031,0.719929348,11253.96297
80.47457596,4.836706742,169.8415488,4060.94437,0.682835617,4339.427594
65.2151477,4.925049896,929.0582315,3819.698491,3.696211602,4850.77006
90.18066386,4.877260181,4.358712907,10855.98073,2.400094558,11006.46895
81.78686849,5.030324493,54.98599865,5421.873683,1.109851722,5567.581409
10.88193292,5.290665198,206.715077,11141.51423,0.585305612,11382.35624
22.23248731,5.21310783,38.92946705,2532.552075,0.94293289,2623.796006
78.90648392,4.96641505,82.48830238,4324.70819,1.91603494,4512.982884
75.91320611,5.283950403,0.226090117,6372.17398,0.542814085,6474.945616
18.38473095,5.06560486,14.14282192,3298.312397,0.696007535,3371.110462
38.22454544,5.107825812,0.407189832,3247.502445,1.85275186,3303.282102
77.28904207,4.772902256,339.5556231,3261.202284,1.478814278,3693.640645
49.81047678,5.128138357,62.46205077,11060.81004,0.677228567,11225.4298
99.29908297,5.249457723,10.12684966,8828.399389,1.581114195,8991.096745
67.22395461,5.25816778,461.3105149,3040.264346,2.779641443,3587.871356
53.53859277,4.825773629,786.8182825,5436.003497,0.770006432,6283.298652
75.56690288,5.0896554,52.89092134,8982.059533,1.397183967,9120.230526
94.10737545,5.068900912,74.38343094,4541.664249,1.18990037,4762.215917
11.21217345,5.237900321,201.5909593,8130.737612,1.295472849,8356.20963
54.71839038,5.258527898,20.93947816,7190.38774,2.854713399,7284.214028
58.04743924,4.886064372,396.9594258,5060.668993,0.75692745,5526.753355
64.24489412,5.29778162,6.661279575,11737.71488,1.742695924,11859.54847
47.46202296,4.990611762,3.1205639,4594.684418,1.957995996,4656.95701
80.53589065,4.938059126,6.559265984,8465.107898,1.500227699,8588.275634
29.04218504,5.255461107,13.63545916,10223.24879,0.551572899,10275.3034
63.88598928,4.728439935,0.542950806,3773.629704,0.881431856,3871.583672
15.66942255,5.144528807,28.2837741,3006.062671,0.876736214,3058.749045
32.63619971,5.071398502,253.2685576,10799.74862,0.714891818,11094.97115
72.3340303,4.831657518,6.66942737,10522.01305,0.632143354,10612.59108
28.80636937,4.858017769,66.40013241,7522.721121,0.594186766,7636.790252
67.16611295,4.637377036,474.4062945,4988.722525,2.375470561,5538.044853
92.29098513,5.043358791,7.014841204,6078.795242,0.762666273,6188.600221
30.27362339,5.262937487,562.8436917,7256.751996,2.113627154,7864.344938
49.52533999,5.261834178,1.481263933,7931.59965,0.951904381,8021.259332
74.20250789,4.614792345,641.7097075,3274.526529,0.772847908,4020.477154
75.44098871,4.609219548,588.0220814,11694.03807,9.345864783,12387.61599
44.24708885,5.227681735,422.5634512,3081.925358,3.105834205,3571.388074
51.87099493,5.232334203,16.38065893,9509.788951,4.453105314,9597.488642
52.81272893,4.770272241,0.744969637,4547.222217,0.779416168,4610.554384
100.389101,4.722088279,119.5781737,11021.87637,1.728393098,11294.48223
32.52082432,5.239967003,17.56533648,7041.431398,5.520395953,7141.767356
61.72558752,5.06988442,403.7004551,4549.081519,0.869236832,5063.3425
79.86159849,4.957313736,29.67457244,6459.017209,8.807952595,6622.563843
23.69368169,4.665814931,33.45173765,5433.595284,0.626371279,5519.029241
82.8421341,4.698768463,773.2068202,6167.015739,0.589659394,7040.771451
51.41462991,4.752203134,895.6570696,9096.707243,1.362368251,10097.63266
11.84349452,5.227787391,10.54524134,2921.176628,0.687441738,2973.531027
52.8327471,5.107672586,20.82572634,5148.629829,4.365502215,5240.90279
25.9384781,5.081826701,6.880901219,4977.348261,0.522690946,5025.246009
73.01445761,5.173595082,356.9975511,5801.135338,1.136588551,6286.625449
42.90718988,5.216672433,338.9625984,4814.462665,1.150645308,5253.225832
73.19188258,4.7140817,27.5136245,3351.805365,1.290218498,3494.933286
84.41166745,5.201097576,19.14172354,2830.94919,0.882925979,2976.738815
25.01578082,4.620821722,38.57905837,7355.62518,1.707323891,7446.734127
19.38255734,4.96620667,11.70027872,9161.445826,0.746533419,9211.854777
76.18089391,5.2069709,516.4684332,4211.219582,0.837065333,4837.024031
55.76817084,4.911585578,394.8926404,6886.114735,3.083300164,7384.208925
36.32541262,5.261526562,171.3013651,4572.491259,12.67203489,4809.031533
56.19022237,5.278159225,846.167735,2156.230713,0.503523187,3076.713926
97.10955806,5.24876464,5.878834473,2517.120648,0.856746882,2647.874956
55.53934778,5.033382039,0.082468751,11958.97145,5.635945169,12031.67743
11.44751575,5.194853992,324.9637696,5478.408421,0.50279166,5850.51634
99.30285705,4.786761395,429.1445511,11339.54553,0.56415532,11913.36966
53.3816129,5.283142394,131.8339046,2848.419091,0.56501298,3089.884112
76.33670511,5.080059378,0.495435617,2920.032174,1.820629907,3013.323119
31.72143004,5.001356116,212.8665099,5447.605497,2.763550705,5718.380828
81.85842292,5.180391187,5.559843285,11345.15059,0.673308073,11488.80853
20.31748919,4.794373697,591.550812,4615.56977,0.591068028,5240.914443
65.22330742,5.211307076,79.06779518,11389.2006,1.242383962,11563.14241
73.30864306,5.022128236,30.8513349,9201.09125,0.658381486,9326.227595
61.42814711,4.80632568,0.002538292,5513.161964,1.10966132,5610.762798
59.28993685,4.890302927,610.8503541,6626.355504,1.506657183,7352.91724
81.43457929,5.120062529,375.2365317,8158.823259,0.846368722,8628.046505
59.25669586,5.083548407,17.76949574,6162.369217,1.399149633,6249.526383
42.66284919,5.120355503,0.060483249,4235.93256,1.805758879,4286.987333
35.4714339,4.752794001,9.741984423,3537.541315,4.710087152,3598.727414
75.98833305,4.973156511,313.9768875,5751.398466,9.36079957,6196.260229
19.55013516,4.8434654,155.0157508,7580.23158,3.578052209,7801.829645
79.24490788,5.126882507,1.209261669,5680.872654,1.254864922,5768.680338
85.37227331,4.713366003,238.1723751,2797.857519,1.177415918,3144.356244
71.40850436,5.106409601,921.7726935,7601.465686,1.09043421,8625.100357
55.27542095,5.052335739,256.2817368,9006.819689,0.554955368,9361.892147
91.6226894,4.664615727,662.6284882,6884.304994,0.775177377,7689.927912
34.27309928,5.038272948,229.5110619,11960.0302,1.392017989,12273.40014
93.34591468,4.679287657,745.2559717,3449.331294,3.09404271,4301.717681
46.79216191,4.860045081,483.328294,2991.379853,1.364949873,3560.713788
28.9897227,5.104568723,3.819303004,2540.077257,0.508317849,2599.393033
95.80309789,4.733105583,42.99066288,11575.05524,1.148820074,11727.86272
69.95700395,5.060974563,874.1844009,11671.72668,2.996523923,12668.40647
65.56996029,5.238331582,33.31010962,9409.84978,1.269703737,9552.261009
94.35210277,4.849381971,86.85882472,5999.683343,0.779701411,6192.866149
17.74623,5.19105289,143.7679095,2259.159735,3.180230518,2465.468925
99.54760313,4.691062997,483.1579563,8503.280245,1.322591949,9118.570443
63.62119529,5.259602149,5.004002216,2564.212288,0.885188695,2667.193328
89.72872364,4.928330192,43.68481077,9714.379939,1.147202116,9883.093024
34.39345726,4.80175166,581.3446931,9145.423972,0.675880333,9779.37925
38.6744587,4.674439748,46.44342763,8323.237323,2.423066659,8436.098964
31.88162552,4.936144071,826.992225,11258.95826,2.514163004,12130.92291
16.68704889,4.817992197,380.6376525,6667.981429,1.243662394,7112.703571
77.91031344,5.258733476,962.7777157,4261.872672,27.31371152,5371.628434
17.23515713,5.04308987,99.8825283,4030.972005,43.12864263,4214.777815
75.06049623,5.177992187,41.7874808,5747.290859,0.820922713,5871.243755
60.41097874,4.851553446,0.018205231,7585.470533,1.210414687,7657.932041
94.14737858,4.982456032,17.76707818,5773.493546,1.00378495,5913.284055
30.35956942,4.968051437,359.7297822,8984.708614,0.561025388,9401.866176
21.44975193,5.197160087,279.2992132,5806.789015,1.125475235,6117.302776
35.53360264,5.247110849,0.175452934,3927.83668,1.04886953,4009.405559
37.25804252,5.032885981,798.823135,9638.829896,1.627324439,10519.53755
45.21290125,4.790329761,60.12106561,2553.950144,4.332828541,2716.448218
43.47775155,5.225215285,42.655242,11933.77337,1.103439874,12076.78464
20.12854577,4.982932309,9.258827446,7020.551371,19.0988252,7089.594401
16.76049269,5.236309652,364.9186523,9642.318484,5.784848255,10046.61588
40.1320628,5.131013029,101.8749627,3644.708503,1.116379022,3841.884492
75.57605413,4.979491899,507.9389495,6518.643367,11.78774465,7150.983286
13.63166553,5.064102089,86.54999691,10857.36813,3.856867223,10977.539
84.04316941,4.627183977,134.2472684,9988.305526,2.987632271,10222.57862
25.96040124,4.779553931,879.5125614,5080.035259,0.847555547,6016.342513
11.53985006,5.030590467,24.78277463,6184.164946,0.855908446,6270.687785
11.89835272,4.819023015,862.5341681,4239.980609,1.075162707,5155.353906
67.60844579,4.91551153,458.8062726,7799.645071,1.881736704,8381.983172
29.23106751,4.967712378,60.3437027,11744.04977,0.828527778,11867.06633
26.29710311,4.638445535,648.9222923,4953.568856,1.398813318,5673.16055
92.3239375,4.728838835,19.41498316,4917.654699,1.570606462,5073.475572
33.82190235,5.277400343,653.2697476,5703.781951,4.649217957,6414.041538
84.13598691,5.115395978,73.34186223,4176.697751,3.619381562,4357.31414
40.93748185,4.810152533,562.4762547,4294.352027,0.500139963,4918.173991
87.16630718,5.16391704,20.5544934,4664.473653,0.529537114,4790.277354
64.68795823,5.253379429,111.0546649,5523.387622,1.163519987,5739.795317
100.0911638,5.279426325,548.9643902,4467.724166,4.232898541,5130.175803
78.0333631,4.612020942,9.175161265,11877.65297,0.659958569,11971.52103
12.16628351,5.174479868,589.587016,6994.043326,0.609169012,7614.095732
86.43874007,4.927834625,332.2781076,5712.858725,0.515063903,6167.716378
56.71368923,5.275309688,6.503686456,9699.880089,0.828180557,9803.254243
69.42287318,5.048049852,19.79304291,10200.93999,1.28224313,10344.56874
89.16535792,4.732008167,44.75896093,11924.01553,0.880116754,12076.74293
55.07608472,5.039838864,185.3420449,3159.22676,0.529558149,3418.095255
46.80199075,4.994631427,137.2356658,7819.398869,0.782931289,8044.968285
77.58745271,4.673180234,618.7852312,3359.072915,1.163117272,4089.516177
76.72726458,5.118085435,79.35264702,5765.433645,1.121000635,5937.391455
19.44444799,5.215806864,0.120627489,8357.741597,139.1276866,8538.170488
78.37251148,4.623118207,12.20359729,11663.38135,5.691256171,11801.91915
36.32039708,4.936491939,964.9992603,4171.74185,0.630062033,5223.416662
19.23272499,5.25017035,0.828072896,6700.816039,1.104129905,6734.010089
38.95669975,5.043967264,0.065917926,7057.336388,1.039773024,7127.356401
71.66837489,5.246554857,16.88761647,5151.191161,0.514934959,5270.303021
10.89219531,4.985447135,120.58205,7925.097427,31.24780846,8093.317484
72.19925105,4.792557271,385.4233758,5450.088483,0.76861153,5947.709888
89.73193354,5.260954052,146.0390256,5041.359012,0.511349129,5301.675186
29.84380764,5.140635458,0.01064038,9810.269282,1.249672044,9869.560433
56.77462768,4.920117681,332.7033004,6607.308372,2.771380619,7027.119007
20.68479108,5.153554413,922.4465098,9076.106914,1.077203195,10067.20543
63.85572532,5.154215487,229.2580384,11438.58972,0.711315203,11755.05683
77.03907806,4.9841041,224.9945249,10243.3947,2.385320107,10554.27016
50.61833591,5.089718255,5.995198028,6808.494617,4.639777197,6890.822198
10.32287574,5.096379287,41.89446087,6213.820559,5.533174263,6300.759416
65.51436268,5.133138362,23.6265239,9028.977951,0.619376852,9162.136968
88.01000478,5.147495252,362.1086159,6590.616928,0.555154147,7080.813892
47.55299154,4.858955301,268.0706859,5942.626444,0.897505069,6275.241845
41.45844346,5.217311594,0.129190033,3853.472746,0.528759918,3914.419327
39.97759599,5.160848254,5.293945994,2118.552566,1.132606903,2171.359462
70.03148893,4.693443565,37.22784245,6962.194548,15.80391588,7106.77243
16.85553573,5.045410007,721.9471528,7778.396941,0.602556685,8524.079051
49.38679789,5.133815014,0.018107505,4098.217044,1.68715737,4194.987923
16.5352263,4.768953253,0.005565999,6873.401047,1.110003348,6942.14313
71.32589504,4.73276361,0.000190286,9476.064017,3.006771853,9563.703927
46.12226872,4.680721537,953.6428938,9951.230736,1.715205909,10973.36647
32.91695325,5.088726319,28.33941355,3452.388241,2.144092276,3548.403172
91.37532164,5.092710621,255.836004,4021.23486,0.742597415,4418.413892
53.60552543,4.82296018,1.198151782,10777.29855,1.536691998,10849.27061
33.90422754,5.139282552,87.84594084,2529.831901,1.374809246,2699.783102
93.48179392,5.135380954,914.3813388,6992.446554,0.587910608,8046.49496
74.78845115,5.015738184,64.3407055,8625.82059,0.587748163,8773.187956
42.9668401,4.671423901,517.5441277,4478.551575,11.31316858,5087.96325
95.98146383,4.976121769,118.6274741,8934.197208,8.15442472,9165.403409
47.6369267,4.896502558,344.9254805,3056.820183,6.019906207,3499.481434
28.61277604,5.233102622,13.99098553,4443.821068,0.531224377,4513.031892
61.89604565,5.16365362,143.2613492,5042.387866,0.60400738,5286.635583
93.64314272,5.198367093,2.355978455,7707.490117,1.178547114,7815.193718
100.2643271,5.123379014,202.1326992,11493.89586,0.603989066,11842.69371
54.37925435,4.809656468,133.2417004,2963.346807,1.250366006,3184.56918
16.28939114,5.159152559,231.8649677,7539.061138,0.762985339,7830.992761
74.16242233,4.610315388,497.5580196,10771.32262,0.61471335,11396.75686
29.45423792,4.882398215,156.9149008,4873.566767,1.558861198,5092.927793
20.74990774,5.259257555,241.4457312,3718.508355,0.526195052,3996.56929
75.30831509,5.224073287,3.196325665,9000.016443,2.382184079,9089.670405
28.02546017,4.71114205,175.406048,11016.75805,4.086521429,11237.96723
28.82750252,5.007872819,394.704044,4131.944099,2.728550853,4568.695654
93.47266669,4.606021578,0.434667213,5142.160648,1.802693974,5285.853666
48.04174844,5.242393753,333.1347718,3185.992453,1.183244038,3599.285714
49.37306465,5.272143973,3.018631525,11859.13249,2.740775374,11940.69503
11.07222995,4.815079177,223.4556126,4681.910801,1.566529509,4965.619786
54.89874883,4.960723768,211.9633431,10184.05516,12.84988987,10473.38088
15.01722899,4.728848238,596.8594151,6642.908801,0.902575175,7285.442337
77.55925175,4.722033823,251.6362586,2618.912459,0.534080891,3001.830652
70.88481869,5.108263245,40.28220487,8928.288629,1.876875784,9086.643731
11.03935912,4.831283703,907.2879105,8566.855951,0.538564922,9529.87373
23.74313391,5.26645185,827.4207944,6499.800636,2.239753973,7387.6602
30.27626985,5.117336664,408.5559119,10645.73533,0.983950701,11104.81844
30.98336585,5.027503445,13.29554624,2043.094695,0.979871841,2102.013481
24.24409078,4.995699901,7.899894399,10793.52879,0.56115291,10848.79581
73.76864798,5.264756404,2.571394958,4694.157186,0.548427077,4821.512743
90.81203294,4.695922872,68.58871247,5502.436904,0.509190404,5686.700609
39.34349932,4.708236497,69.90014302,8719.408,0.703676874,8872.367979
50.86978481,4.876190326,109.7514719,10316.24418,1.66321635,10528.45099
26.47930273,5.077423018,280.1508442,5456.695067,0.780319653,5774.921824
30.76144141,5.262648281,1.941570891,5642.64082,1.097319514,5712.380188
16.55346512,4.70159833,577.0727589,2153.904054,0.887636523,2802.579196
52.52424225,5.2875384,67.44175494,2457.513288,2.946682686,2590.494862
43.36602921,4.806939243,1.24782551,2304.624046,102.1277506,2480.088645
84.88857152,4.805108505,0.045923359,4822.378272,2.318635214,4929.472618
88.51163831,5.10221438,14.18651373,8979.5878,0.556303537,9130.285088
76.97667614,4.926686636,802.4138309,9551.156276,0.678274348,10476.43531
77.04824363,4.923659407,58.07367556,3527.192866,0.646147065,3698.993293
94.67598197,4.754854847,0.661934036,4386.216856,1.387554266,4498.900222
47.84283805,5.043979473,6.346361815,5887.554071,0.988658522,5952.31077
77.95511689,4.857741912,6.604620154,5688.710654,2.887456201,5831.128449
62.01200357,4.790172012,10.61726184,10857.35376,2.146552462,10984.40364
18.92879013,4.857752412,0.540701815,9764.811474,16.60790172,9805.952395
29.10441993,4.986952473,152.5798776,11789.67284,0.689883787,12008.82462
87.45181892,5.174965228,35.4776977,5488.580468,3.998420083,5631.020349
25.93773871,4.699561575,394.933435,7038.421675,0.820753509,7467.581083
92.10013993,4.71251993,860.6653044,2857.67655,89.12484824,3927.913514
49.74734983,4.634052084,389.6065388,9868.367857,2.864569906,10332.15103
85.45236551,5.007957759,123.383181,2564.544724,2.120450218,2822.591928
49.65850769,4.991238716,190.1353502,5924.521506,0.736497377,6184.687466
65.72226907,5.159779519,75.70946928,9862.769701,0.868936873,10021.58686
13.70648916,5.115583008,132.8115628,4348.090121,3.050737767,4527.200845
46.45486081,4.694781164,679.0306564,11862.43717,0.831263358,12642.23476
71.21350957,5.021919149,0.000283228,11928.55313,2.459097034,12031.54445
56.80016695,4.694928112,398.6059411,10117.57738,4.308140671,10627.51899
51.10149092,5.082664851,302.0570684,3848.282475,0.566203498,4245.152552
49.70671848,5.140196527,19.63475505,5107.785427,0.812517478,5221.296798
48.94284919,5.262213743,20.92284317,7433.798951,0.567087091,7538.174874
90.20572343,4.976601695,0.018629271,8938.03282,0.591816547,9066.921032
17.23794192,5.240498492,541.6776286,4236.076446,0.506018302,4826.809573
55.83823316,5.231342362,123.1086869,6310.26388,0.504674121,6504.978525
30.87820147,4.687128874,0.05527552,10628.75918,0.516335215,10699.29202
12.95069025,5.230923384,54.10148996,6648.318096,0.755903714,6766.981202
30.75567121,4.655616907,2.677338663,8252.796144,3.721386612,8341.839483
25.99286126,4.803195871,195.0910049,11349.00561,0.668220201,11590.8664
13.03622795,5.21071312,271.7647621,7033.228776,1.162886554,7340.793174
86.22359508,4.864919503,568.7738092,2055.111874,1.041786267,2725.081878
100.3477709,4.967392072,997.8873765,6886.080181,1.069108145,8036.27546
87.43228459,4.848066017,69.33624532,3236.340223,0.799886693,3401.79665
72.27702897,4.639265513,699.2793998,2676.059804,10.53129073,3470.367088
10.85314894,5.037618156,158.0624254,4084.868184,0.903212036,4290.005119
64.81602098,5.161421455,144.5312806,5149.131583,0.527809573,5380.207851
48.04222998,5.113374632,10.58209009,5748.276246,0.712531477,5828.161682
31.66800274,4.875840406,0.108890835,4038.357344,0.753506029,4124.619957
40.79185786,5.084287265,114.4744883,4094.069591,0.5504071,4289.185904
89.40793587,5.228736216,0.012008598,11889.75966,0.655939698,11997.21507
13.46684169,5.007553035,354.0819232,7530.250476,0.899337832,7938.626867
78.05180908,4.91877238,188.1179289,8216.858679,6.689477025,8522.407437
93.87239582,4.90105596,175.2119448,2483.112478,3.704968317,2770.300986
59.63324241,5.295851815,145.5632943,6604.929011,3.839845841,6832.225759
97.51703679,4.643670064,345.6016782,6095.829178,1.509686057,6593.349529
89.01433568,4.997019554,205.8971967,7628.725743,0.554706829,7943.365095
74.34923284,5.154357957,164.8001985,7977.590932,0.519260843,8260.820277
96.97074068,5.205948687,142.8111056,9409.093294,1.712329112,9660.182406
35.58058457,4.666741216,0.000393653,6307.279501,1.236463504,6381.814307
79.45087248,5.222327305,264.3402306,4885.674572,1.890938082,5236.701918
22.21951488,4.85309138,269.2255705,11117.29131,1.005891435,11462.00836
45.16299078,4.970881404,49.84756969,7145.420074,0.810303742,7255.973055
77.47244183,5.048033077,456.6402208,11858.57195,0.715669982,12401.23882
83.86863232,4.85288983,478.4235698,4878.929044,1.353241525,5491.628818
91.88085206,5.225721929,205.7432185,6266.972576,0.796754542,6615.0236
65.86160753,5.089632928,185.616278,6157.313147,1.394968941,6440.848602
46.5856445,4.746273815,1.498173958,6646.607261,2.064905121,6746.791742
23.86407897,4.985684346,499.1397593,5852.704041,5.09010251,6433.926807
87.03860547,5.031702016,4.212927724,3343.469901,0.593037167,3445.928686
26.71944947,4.867557407,2.263409507,4223.334087,2.489647116,4299.34674
10.82992372,4.920298255,11.67535087,6519.384317,2.019703077,6550.101206
41.53539711,5.177296149,687.4203998,7145.980853,4.729880378,7894.761457
73.62428695,4.645908273,8.655537212,4783.79153,0.749897864,4911.252915
49.2141592,5.109481658,77.49751578,9008.314808,0.834610257,9180.076834
61.48494502,4.95430152,15.17121804,5134.606848,5.198040246,5251.392395
78.59926331,4.608111385,6.268771019,9967.880346,0.505670463,10105.33934
84.5391334,4.94981821,7.244771151,3856.586349,1.350103601,4000.697873
67.1371078,4.757297474,4.655791619,2507.175195,1.009262627,2623.00208
64.68336878,4.833017378,503.9562326,4087.951301,1.524092973,4682.970292
27.80749909,4.833189373,733.0741128,7489.095007,3.937306293,8309.417689
79.02423371,4.950724792,6.495561253,3888.45851,3.311988497,3983.808961
27.6296623,4.750974967,4.314711213,3030.615041,0.674020874,3097.585108
25.96745911,5.023539542,257.380746,9803.58139,0.648590004,10128.65166
51.73190603,4.972768123,15.91483039,7712.070425,11.93740923,7814.346493
24.6177889,5.155955002,2.832863885,3525.571164,0.544802275,3586.421635
97.93557609,4.645897287,166.123614,3141.450486,0.710153413,3442.875369
50.18800413,4.900515153,64.67007072,7503.983933,1.517270762,7640.106073
18.9414057,4.918471803,695.1877873,2983.621323,0.692392937,3745.220451
47.90491668,5.239724592,734.9658413,7074.062253,5.962077799,7912.183051
82.54421557,4.977135776,908.1937993,4906.191805,5.992823987,5938.940355
27.42246223,5.24463639,6.636237695,7313.436382,1.256794476,7368.3468
71.34390469,5.177093082,0.37542119,11896.58094,0.809829311,12017.24296
44.87043284,5.007861876,99.15261268,2549.659991,1.557826163,2736.727417
75.46847568,4.96781312,251.1819983,9448.680574,1.737282998,9793.671735
27.00947212,5.268970175,31.26346616,3486.524361,2.019741741,3563.556756
90.72013816,4.814159483,741.261059,11368.57161,0.573206635,12228.52839
54.97270312,4.712630353,956.1426622,2044.887878,1.088899302,3080.917789
64.56237068,4.722427249,154.1377705,11703.14347,1.292130209,11963.65955
78.53696099,4.688869787,114.4609204,4673.564092,0.532559004,4903.256281
85.25261718,4.690643754,39.73135855,8590.550923,10.19021055,8731.27534
14.42587457,4.816630681,754.5219682,4036.006406,0.736145326,4828.017259
85.85828138,5.049434098,0.967449388,3989.606463,0.543393691,4119.353952
30.69244353,4.751714207,938.0345943,7527.90724,0.995650323,8542.117813
46.20525086,4.836814979,813.2637865,6540.720242,1.620376066,7418.558418
58.61722551,5.065552652,18.14247063,7177.28923,0.725284711,7303.418665
47.4349239,5.285798975,205.2861293,7099.426574,1.58392252,7380.489759
15.66143542,4.995557304,0.056834795,9705.720637,0.725105732,9759.660232
99.56300395,4.922650408,325.0900457,4880.360775,1.278962622,5348.574918
16.00990296,4.948217027,0.000663953,4593.376308,6.186400329,4626.778361
17.94765434,5.291532142,799.7208441,11131.61456,0.583675727,11956.23575
45.59276296,5.072896493,8.171842199,11649.15641,0.55113378,11753.92404
26.67791603,4.924514377,546.5958425,2680.453525,0.569512999,3279.385084
57.3062396,4.658916527,339.7051453,10878.40368,0.542455025,11309.56339
87.53873357,4.731788087,14.66994973,2728.349748,1.532137948,2884.006345
71.94907408,5.263864419,914.3662009,8182.510917,0.864242047,9196.510859
99.93934528,5.123691419,27.58772696,10059.89721,4.603845576,10241.44502
73.83253452,5.11256359,49.66716058,11146.36564,29.68797224,11310.64524
47.68622392,4.99237422,11.18926202,9722.15912,1.409691647,9833.134449
56.00395409,5.132085372,999.6680326,10470.84889,0.716736633,11556.44463
19.84394435,4.767995238,61.73755055,8825.946833,7.951345219,8939.268841
69.22496355,4.759121378,253.4206892,2369.852667,2.57055339,2702.924843
12.09004257,5.258954029,990.5679341,11180.95197,0.549432472,12217.52791
79.01287683,4.883651306,433.7656772,5237.337806,2.94497666,5806.030622
41.65501744,5.285780407,0.614610887,5182.145593,3.776021432,5241.094893
39.91831124,5.221326745,31.53772099,8725.434763,1.144461699,8839.388774
56.8272172,5.169390822,8.401717587,10860.10156,0.621442146,10938.99911
100.4748155,5.078854082,0.434300141,2519.148367,0.537493868,2644.546507
36.35259096,5.027419366,0.039653566,2075.36395,3.332333789,2126.112078
78.39540292,5.022543819,630.8409077,11043.0442,1.143474628,11808.15428
81.4844695,5.274375021,1.378277998,6182.81869,0.689460187,6304.464342
49.16892755,5.108990453,692.236696,3485.930614,4.791868723,4242.392225
54.63484933,5.022815262,153.4961813,6273.637983,0.512991194,6533.511491
16.73359005,4.937723839,100.764189,8235.668105,1.488335572,8406.244036
43.04629687,5.141374062,79.79097301,6448.703576,0.514040932,6621.102839
15.27255277,5.073725175,89.53800094,4457.311086,0.664670922,4580.778462
66.4880934,5.004365881,51.40083302,6050.962205,10.93618936,6193.83889
45.70794222,5.175333215,5.24871931,2798.190592,0.524859697,2868.99425
17.65570758,5.283544898,107.6574144,10323.32154,0.571788769,10483.83972
64.96221678,5.192746948,2.376809874,4753.60895,0.501571839,4843.397074
100.2920697,5.133993182,702.6513277,11317.98197,0.70469845,12135.49255
74.64699823,4.973156741,6.681643047,3463.406432,0.695213155,3562.801577
78.91355305,5.19364535,65.34631021,11462.74939,0.542636008,11654.29283
17.10967501,4.704517045,405.0227201,4858.358927,1.206929471,5315.144529
89.96305791,4.822681858,665.512305,7105.736448,0.843610713,7886.251579
73.70934358,5.118014569,374.1733287,10067.13435,0.780548505,10531.63095
90.72788188,5.063386322,916.3696849,6052.460568,0.79526658,7105.796854
20.69178709,5.274334389,383.691867,6008.145308,1.011060354,6424.369831
91.12326106,5.149251953,0.02189649,10314.03238,3.722086795,10416.7727
93.71100189,5.176914861,369.338893,8743.48416,1.1354204,9221.705685
59.53358339,4.6820085,42.87663715,6783.567342,8.349634402,6918.426636
65.55043049,4.765933929,353.1911946,6040.338248,1.418327452,6484.453098
99.37495616,4.794216492,35.01800541,9618.058069,5.47939583,9810.470223
81.34778918,4.804888917,843.079731,6529.731514,12.09443255,7497.540259
40.67365579,4.792658,16.04553248,7115.936756,4.675304532,7193.842256
49.24371719,5.01216386,90.51587391,7006.870177,7.807671009,7208.602929
87.96970474,5.113758204,459.6702106,6736.61652,36.62224061,7359.869503
57.45228151,5.222446787,82.8982303,8475.711659,5.403361977,8652.670979
20.36348565,4.64253741,100.0446389,3660.570756,10.993681,3810.431201
74.68034283,5.121349745,477.5535001,8648.067718,5.370688778,9242.36416
26.07420077,5.236650723,11.55144623,11644.5767,0.808866308,11702.93728
23.59924281,4.926734769,7.455412147,6769.496817,5.484121741,6820.061643
29.56414829,5.172038551,170.3773174,8634.532475,0.944177514,8870.059032
94.63044917,4.944680635,67.62375493,8824.259808,1.132629054,9016.28778
88.68444065,4.684733334,392.8563603,4726.879098,0.64064918,5257.848995
90.73542042,5.041432594,2.581129475,11376.31125,4.066123576,11524.32303
95.56759422,5.064106263,34.09561593,8453.48545,1.688231226,8616.545196
59.04234584,4.715723079,985.4183466,7177.45314,10.89664101,8259.385146
82.11857704,5.015357789,30.04007428,6215.208635,1.880937615,6353.119024
72.41150915,4.999856916,265.9148084,5875.850332,4.511600396,6246.149358
42.41264432,4.727321467,402.1923344,11908.48951,0.50725813,12371.52183
23.04041063,5.087139581,793.9039265,5846.680491,1.596144963,6674.754581
23.7831416,4.801561304,3.628227297,9998.57787,6.370981673,10076.77148
76.55782272,4.705285402,0.32635572,3355.25915,3.761781028,3466.046709
66.24668603,4.770645959,420.8749464,6312.361083,2.110214959,6808.13035
60.19416276,4.683489709,368.3248036,9031.994445,1.174703539,9497.780383
18.20227916,5.047503938,1.010975197,2323.645561,1.2839042,2360.35433
30.26981892,5.296252722,85.70938541,10256.17697,0.927240788,10424.92374
79.48411405,5.056974295,229.9639263,4097.262845,2.102854193,4450.924289
30.08194154,4.798402116,526.2342421,2719.71372,1.809019842,3330.185011
26.63679397,5.189959222,17.04914978,9126.396286,2.275164803,9220.008658
61.7668611,4.974632733,30.59898223,7175.770444,0.554182813,7283.953773
94.77774996,5.177964192,1.197288097,10071.60038,1.161117535,10224.5565
38.99168861,4.899978605,537.254335,8325.355931,0.710219606,8928.058273
16.00537276,4.988968865,14.8815601,8396.157259,8.168928337,8476.495599
84.6371364,5.257324611,556.3063407,3285.192887,15.70247081,3996.881441
51.22928258,4.840802789,564.0063803,6783.041879,0.946299227,7443.130339
95.71013693,5.158643347,60.84458529,10126.6931,1.441814807,10323.01771
38.21514088,4.67930425,120.4579557,6842.242819,0.759603274,7007.817063
61.49644753,4.965933857,1.833550524,4154.529446,0.587723785,4259.094305
61.97002307,4.888496092,735.8479737,5531.311355,2.665676133,6348.572049
86.80433388,4.773603479,11.90639732,9722.289108,0.66320834,9835.758047
16.61986767,5.052528405,0.19332307,9721.971776,1.380860407,9788.676803
24.72140016,5.037410247,29.92189962,11031.23806,3.415128227,11142.7564
43.9198479,4.781748587,149.6962773,11115.64007,1.805805523,11355.87403
38.75094836,4.920472248,498.4715796,7836.444719,6.415107245,8412.26426
98.72705864,4.962325876,355.1627088,7789.741791,2.137565148,8254.405837
72.2069214,5.264776781,57.95994945,8370.98118,0.949263037,8547.578807
22.44035792,4.867722476,52.69952971,3741.258832,1.364137477,3833.896427
89.17949427,5.103124421,0.011696199,11430.29676,0.921475335,11567.85045
100.426563,5.085128325,134.1802637,5013.978152,1.913057159,5303.594222
44.87711058,5.069429681,4.64498861,5959.290839,1.417535387,6022.344326
73.51070301,5.079428596,518.2426402,7979.681663,3.465906258,8584.469649
21.89763379,4.691673161,1.375253774,8108.960309,0.745471653,8180.044008
79.97661377,5.129674678,258.9441991,4273.363729,0.523517456,4631.081779
80.87151903,4.88116071,166.0143057,11446.41264,0.513902674,11736.11299
16.35782674,4.692907448,23.2891056,10377.90655,1.755609728,10466.27854
62.46437325,5.229707521,0.00072476,11781.55765,1.315876416,11881.89834
29.1837616,5.201734744,350.216329,8702.79886,1.025956302,9112.738525
40.57810377,4.992151292,182.11599,6754.613543,1.848487714,6992.58232
46.07294821,5.14044066,0.053286072,10574.14709,1.689189879,10629.61971
73.30110638,4.760751739,616.9999019,2240.243005,0.660737986,2938.437366
82.65433561,4.862505484,170.780496,8571.020038,1.794404458,8861.005823
26.32197032,4.672398571,774.4659486,8869.279604,0.982772409,9684.741167
95.18343334,5.168854766,315.7540226,9081.998881,1.081989822,9503.609874
67.32417803,4.733667566,821.0525708,10946.88769,1.201794046,11845.66743
52.03943798,4.735289215,460.4542056,6223.567031,0.519094924,6757.466542
53.55605673,5.082702953,0.483671108,11993.57219,6.938079418,12069.90942
30.41827477,4.722078934,50.60999474,11601.15655,0.766060607,11737.26791
85.23406107,4.826933175,226.1258488,10737.37164,0.718433159,11090.7711
73.2366467,5.104543718,121.5562564,2621.219757,1.038584655,2842.14081
60.25146878,5.191171766,285.7137634,10247.61474,0.60724747,10619.49169
47.63621313,4.7500752,420.5316075,8911.468126,1.241064755,9402.249674
90.75588631,4.767070995,0.270907364,9424.292073,2.277323039,9530.524855
94.03637558,5.267251293,49.78084569,7254.266235,0.66537052,7440.880292
51.16607005,5.157642053,367.5181644,11845.08075,1.331669946,12296.45201
84.35703358,5.084983741,68.1777218,10158.31688,1.022909371,10355.69105
78.79061855,4.703499823,901.5868003,2214.754398,10.91441825,3249.100753
58.14679234,5.108111314,350.8834449,3211.839204,0.912668764,3656.134427
75.71150724,4.950903988,669.9728731,3844.327022,1.048857228,4646.582554
87.81252028,5.205945134,953.691582,8439.524186,0.520563299,9503.258512
55.13499206,4.768056595,2.771481075,4032.267675,12.69425496,4112.572257
41.48862475,5.036837074,583.2484242,3149.810473,0.625689956,3817.35277
34.78966196,5.072535297,8.407906999,10006.78035,0.585074824,10088.71814
99.83017769,5.266959554,329.745512,6506.723161,0.624646727,6978.517801
68.58276643,4.738923215,59.3423787,8891.32202,0.590016518,9061.45684
72.26408157,4.982884856,4.62911235,10583.165,0.646107321,10685.71949
17.29379381,5.135934413,48.9703398,4290.339193,7.418816431,4393.166428
65.56260608,4.676922256,5.71304424,8418.245708,98.36744019,8641.237825
62.21221186,4.822641055,476.0844375,3271.281151,0.775861445,3837.935708
86.0176974,4.94746291,18.08701063,10138.54281,0.536862022,10257.38254
86.81411914,4.881765916,85.03905725,3231.765668,10.71689785,3443.830093
22.1090999,5.163548767,722.7637548,9550.963332,1.310926702,10353.23068
56.37528186,5.10413445,3.688650617,7820.480575,0.624962053,7912.332041
61.53998352,5.169742474,4.544699947,5866.195882,0.577144822,5963.31371
43.79744035,5.109508781,205.8857503,9252.341241,1.506651456,9546.402869
44.98441036,4.731955613,615.6300195,10126.93549,0.991851642,10824.24006
80.81681085,5.067146215,29.10734853,11384.60764,7.206455819,11522.81498
90.11471767,5.130230873,61.02027514,11297.56656,0.888432109,11494.99512
48.04151602,5.239757293,975.0543875,8244.351919,0.702852143,9284.96201
60.81982717,5.190822673,36.1872223,7371.798889,1.117610782,7510.330296
71.45084519,4.900619392,355.0463966,6318.476266,14.56891896,6792.843689
82.31391292,4.640113978,126.3152975,10083.11276,0.699697156,10323.04903
10.83453027,5.133919537,310.1609301,6597.171323,1.288849998,6941.2244
20.96726729,4.867184329,84.67681901,4363.04817,0.619643712,4515.000935
47.72535069,4.978965836,3.809537659,4729.526138,2.554839378,4812.5655
80.37627534,5.166551877,1.579163701,4218.875733,0.732740953,4318.775816
95.46742413,5.024784809,108.195672,8403.609144,0.976577684,8634.491038
32.54771972,5.059922921,65.14557196,3773.63939,0.977811247,3925.861623
74.73230862,4.741338808,0.637041536,4878.758277,4.521721677,4979.519412
24.21556643,4.972192505,1.421715068,6194.794636,0.935102263,6266.797527
39.00589201,5.013780288,20.52982436,10956.43467,1.645856148,11033.69197
57.6937002,5.022816177,30.90925567,10840.42668,1.389038446,10970.53599
26.59527971,5.172780699,997.7337558,2062.012035,0.503434461,3096.057084
53.76365037,5.236519808,101.1462483,3045.418416,13.00556832,3227.814134
16.32994416,5.194361077,537.539078,2300.34815,6.44558748,2866.470928
59.6628461,5.223599017,33.19054684,3602.93163,0.71667454,3705.474414
40.5207803,4.69442553,309.5645994,8721.738189,10.71170896,9106.571985
95.71812303,4.94408307,54.24801025,9104.562043,0.942258026,9261.198171
18.21129719,4.765727714,665.0510731,6534.829014,3.426430274,7236.698253
22.05585905,5.18186359,7.266579947,6339.84544,0.602540631,6375.342954
49.41947033,5.26367141,142.4994514,3771.329474,1.245637804,4010.460435
82.06571138,5.188249326,59.57319568,8367.986711,1.256028575,8520.070689
17.43436484,4.844408126,169.1439394,7767.314963,1.036050642,7964.265853
30.33767426,5.233088478,238.0637901,6076.456906,0.759222926,6375.37141
78.97666887,5.083331823,644.2672129,6925.681334,1.699017344,7668.484341
16.18122938,4.836125538,14.89044778,2504.866625,0.688615182,2556.496905
73.58011795,5.171396496,336.0555764,11585.08531,6.622488943,12013.97806
19.6430385,5.195407912,23.55154546,8065.716865,0.507795725,8121.692619
30.98580354,4.902041764,7.089436186,3942.330239,1.613296193,4002.482107
55.42039765,4.949431119,444.9529312,2010.574531,1.996770481,2521.316457
95.83320902,4.877650416,271.4630701,5516.783764,0.625283494,5930.94942
22.1427081,4.620481489,19.3900393,5110.749496,0.744883465,5182.497116
87.28621834,5.216617237,65.5899882,11700.21363,0.526095194,11882.18226
97.22827373,5.000785777,317.7550057,9498.022201,2.812381759,9970.066556
90.54548712,5.08068309,434.6892806,7351.524494,3.248096839,7931.583004
96.79161345,4.872535949,89.35211846,3219.279922,0.86930386,3433.8816
98.23711289,5.09696833,9.588224178,6876.685977,1.496585424,7029.782154
56.32095519,5.086200828,109.5479945,10425.35399,44.05022313,10643.33171
29.21546689,5.158561544,272.4270576,8537.734605,0.678454179,8850.870573
26.20444306,5.100857959,123.1001941,4212.875084,5.251157164,4387.056489
55.04368075,5.225204433,582.5665958,2015.356779,3.106550035,2677.495373
91.33770208,5.16305851,0.668745796,6848.910454,0.871349882,6971.56462
90.47174437,4.841251288,523.6199312,11522.23118,0.537325954,12182.2153
64.55515472,5.198124473,1.129987281,10476.59114,2.551022443,10586.51328
78.28316646,5.271649041,15.88057532,9753.601971,1.025096132,9896.433786
37.86233451,5.201242235,489.4594774,6153.849418,1.131217736,6727.241949
64.24274626,5.212666477,7.475271489,3336.857858,3.324089834,3455.187346
17.57153254,5.240075329,646.3043051,5933.460332,0.59696831,6647.368509
35.92206319,4.608753102,11.25295931,9335.16117,1.088695747,9408.145601
19.64522134,5.15438503,4.592063932,7926.507164,3.620578968,7968.503666
42.10826231,5.102465656,28.70944515,7755.02747,0.889142275,7845.864502
42.17094981,5.158923015,358.1145575,2048.741348,2.073095138,2506.926589
94.14741136,5.201406585,69.55043021,2239.139736,2.054504958,2460.780455
53.69063656,5.146944859,255.2329989,11235.31721,4.870564724,11602.77983
70.98121528,4.765914466,0.309708351,3991.851054,0.514171264,4084.378699
63.10162676,4.757634689,13.87709255,5627.274814,13.24082598,5768.024397
17.87972963,5.031050835,88.8190312,2974.628274,0.643422244,3128.212407
69.47855696,5.263283695,454.1256158,7610.093746,0.911950535,8145.237606
48.26709358,5.139232769,872.2278399,2571.299714,2.104531057,3504.538261
29.90217517,5.277166915,22.40413424,8069.774293,6.532981725,8154.479227
53.4868266,5.153408497,60.16250543,5752.932858,0.899321052,5875.237066
20.93081633,4.703872489,276.8803538,10935.77712,1.388690025,11277.5793
17.46705181,5.237399899,22.28270017,5887.569902,0.542798283,5983.251493
36.75332981,5.148796942,27.12392059,7642.082437,0.780823473,7734.100566
48.88896757,4.644164789,583.028579,3362.636358,0.693168376,4037.306178
83.35751708,5.141769033,357.4113435,2249.393664,0.798553924,2703.30967
40.55874241,4.940949258,926.9629803,4387.634057,0.9640655,5401.979244
74.96432635,5.160690184,400.6258331,7072.60371,0.505930387,7564.71755
31.12362777,5.097574374,87.411387,5694.38635,1.503113611,5845.712821
80.1339656,4.884088673,0.473563213,10347.84195,1.251933095,10453.58775
38.64431141,5.126657844,0.831089533,4641.099657,1.009827662,4701.308174
11.04831704,4.919452356,423.5529934,4963.104947,3.783654125,5434.283954
88.44384979,4.689967844,244.9370939,11821.30667,3.45167611,12166.79555
92.49036706,4.904780136,112.3291691,11199.08286,0.55034752,11454.84932
49.68153073,4.882145254,484.9611497,10024.11203,0.541402185,10579.97609
24.77725481,4.746742962,9.258733433,6550.63676,0.987168613,6606.9341
96.84499086,5.228443502,0.221571656,4501.82857,1.154079401,4618.774221
21.41160437,5.073121967,194.7592595,4190.287446,0.748118813,4462.470725
36.0151773,5.271001442,364.083161,4932.927599,2.988810338,5342.68756
55.55516923,5.024295103,729.0729552,10963.80628,2.447380202,11801.31727
48.32072873,4.851315502,0.678308371,3955.432666,1.185548368,4031.13709
88.68859526,5.07813642,506.8414186,7784.966238,2.092327623,8391.088772
27.44540598,5.211444102,151.4662203,5868.487911,1.954961203,6079.083304
54.76495829,4.731705818,430.1850895,11311.77088,28.36192542,11871.65669
13.69928108,4.997722037,5.413659964,4636.495804,0.964036463,4678.150012
65.51915987,5.186779445,891.0831078,3350.731003,32.14229344,4350.047702
51.48240851,4.660011553,449.1023244,8967.335773,0.887406947,9477.092009
91.1027106,4.640181736,218.881552,7767.209024,0.667326859,8112.306199
61.93775531,5.208017668,119.7319345,4461.301418,1.544917263,4655.708659
33.89612815,5.215970965,759.577635,6230.487946,0.759902521,7052.979103
49.37348525,5.051023419,6.770111541,7446.825239,4.603967547,7544.375386
49.07393045,4.731642696,1.150428006,10595.51454,7.633521825,10681.49556
20.24165798,5.157900839,64.48620905,7301.259082,1.541476959,7420.105531
74.26856098,5.239207193,0.06968603,7165.474108,3.829716473,7275.048202
88.85298175,4.951134146,3.58E-06,7511.693834,0.541687473,7652.250027
56.84864233,4.848286377,74.96293537,7947.40532,1.435953875,8122.644941
35.26322927,5.034645163,247.6936388,6449.552134,0.542508666,6767.285622
31.75134994,4.946143119,0.481128066,7723.858076,0.733031185,7777.49348
36.20463476,4.672719217,5.901877245,7381.127414,3.47635536,7478.437059
17.51016232,5.25754608,490.4443767,8106.323167,4.817224645,8662.694555
64.92091576,5.208569504,0.001292017,10095.0548,0.865143645,10181.04993
50.47947983,4.727624381,605.410069,4664.770442,0.949574764,5327.801336
83.07491851,4.911624395,2.13E-05,7917.721307,0.823264826,8047.421756
25.28020409,5.259512668,271.6803532,6859.652815,1.112943419,7191.399554
53.05185244,4.60534287,794.5908758,5834.915188,7.424328918,6726.741137
83.23796684,4.703599892,89.08980995,3953.957309,0.650540414,4151.931407
10.60824566,4.795569262,233.8081539,10351.41054,1.586823547,10625.39633
84.07155993,5.205705413,202.9743269,2012.401228,0.887247725,2336.375755
10.12135187,5.064759125,233.5323656,5450.321743,0.917833531,5727.312546
36.22906305,5.059950233,0.024224306,9681.28509,4.508152442,9754.225431
79.56605993,5.271424277,572.9761663,10848.92943,1.723682858,11541.40803
80.76261491,4.646054989,28.79398549,8446.374112,3.824582521,8604.997681
68.99883866,4.810354463,1.773439327,3309.115808,4.230799447,3395.648224
82.55365937,4.671488578,0.11961759,10991.77209,1.53361235,11114.21679
11.48291526,5.278621242,314.4389059,6905.679908,3.311801711,7279.517925
51.15625321,4.628311253,0.114744573,5125.701575,4.008720695,5205.09401
62.36326808,5.091381662,126.7937956,2129.342594,0.870097605,2373.845997
53.25270665,5.186599116,63.5995299,11449.18889,1.725170682,11600.27056
23.7199193,4.773217855,337.5389506,4912.396729,5.717006883,5292.100864
20.40995389,5.139839319,15.24923006,8586.924727,0.840133097,8669.965016
93.28821316,5.012343402,267.8540711,2816.142046,0.532153363,3228.61939
25.29089737,5.183444163,19.31962343,11160.33494,3.101735597,11253.32674
72.54695648,5.227718945,62.45886635,9634.229505,1.504734517,9825.647016
98.32006401,4.887977825,251.224354,6987.003344,3.390601909,7366.288673
95.95079171,4.653996611,907.19992,4381.973912,2.26194745,5429.397395
30.92944133,5.130439552,824.7253252,5575.767519,4.331731858,6478.251891
28.96796383,4.836642242,0.734404958,5431.882084,0.628220359,5468.573129
64.31239415,4.916780609,50.30554607,10225.99118,1.865100073,10382.67849
74.67104629,4.883672567,918.2823444,8976.713168,0.613830863,9982.094463
67.83129736,5.255636116,16.9081823,3989.21356,2.965968195,4096.530503
39.40842672,4.704211652,182.884404,10232.12198,1.080551962,10471.88849
78.30831349,5.091880106,355.8294328,5713.777503,1.603005926,6169.43729
70.17162677,5.209333746,6.104946631,11180.15439,0.999057857,11309.96574
47.58891496,4.833697534,249.2400648,2190.590544,1.108682472,2496.79022
16.88284783,4.669035848,591.2917585,9474.69006,0.5574455,10096.04764
52.92101978,5.225009966,165.4113171,7305.087439,5.958580156,7546.496564
18.02247515,4.891760486,238.9586569,10287.4709,3.312997735,10588.63309
42.84607241,4.764778945,0.032803655,5236.710023,4.03179563,5305.320288
92.21234776,4.928735206,0.001455959,3973.446349,8.149818947,4124.383058
18.81319368,5.029204839,276.1604916,4610.020252,0.553759475,4954.944791
54.63555598,5.294943252,747.9309063,5126.19637,0.61901558,5957.526455
88.17985795,5.115162498,224.9827239,8367.838395,1.998367132,8734.266663
11.06995683,5.237220838,214.3555935,10870.62663,0.651123647,11139.79689
56.00557513,4.984988877,0.121835327,11610.32166,1.122589279,11697.28841
47.17867466,4.926271869,28.18216344,11437.30118,0.772088874,11553.5375
15.77677332,5.155133436,188.4677864,9819.559731,0.850128767,10071.24193
47.55810008,4.81993738,0.720906582,5686.507168,57.85938189,5842.113902
34.06027028,4.964898592,238.9688949,8921.589548,2.332795596,9219.209663
11.09728616,5.029074481,538.2290201,6922.980116,0.908576307,7504.951221
67.59959038,4.970435929,7.326376306,10770.40935,0.685949887,10853.20688
60.667768,4.638581406,0.092987796,6952.321141,2.110090396,7037.707287
38.13536218,5.093439189,233.5654076,11842.18684,1.1712302,12162.47334
11.22682088,5.102245238,6.398273406,5682.31358,2.294721917,5736.389848
58.32494629,5.271117409,744.2225908,5038.521441,0.857527403,5855.884949
83.04534279,4.763627412,436.6142656,4506.213885,0.87227444,5055.477569
73.23286464,5.171726498,34.12382113,2656.814507,2.853720483,2816.166066
54.4310961,4.803855485,509.4167957,9609.427751,1.037806305,10209.15567
21.55797566,4.650188547,867.570448,5694.714094,0.549989506,6634.533823
61.23460481,5.249657908,10.47697337,10850.72241,1.350262337,10968.94179
83.2380895,5.229821946,682.5275398,10214.14534,0.58215172,10994.48308
83.43619089,5.19669995,544.6720258,2133.683315,3.013412323,2798.830914
66.60383808,4.718865334,170.3466494,10604.19818,0.878645311,10848.89248
10.78893033,5.17588659,352.7400814,5524.538842,1.05496455,5942.569155
79.81019857,5.064463292,217.6487567,11205.68662,0.972054705,11512.21468
50.89854491,4.808680732,354.5800736,8145.519237,0.672968022,8588.293819
56.8361405,4.716004042,25.16030308,10388.1185,0.855662077,10499.86895
77.18392437,5.239638996,0.746621867,4183.90342,0.608339445,4295.753859
48.45291455,4.763232804,118.1087277,6780.475961,1.100839708,6983.416092
56.29222805,5.024822669,262.2349683,10557.72412,0.759080384,10922.56245
37.97061405,5.224264502,7.453539677,7273.329008,0.608840396,7374.639971
29.56096411,5.02062138,254.162598,8802.75914,0.823607487,9123.637877
33.81089916,5.189220427,241.5387779,5653.392097,0.899209941,5972.020668
25.68959679,4.928852818,0.311149686,7180.085873,0.693325755,7244.151553
73.42847601,5.261511282,0.177714132,2824.247079,0.741127219,2925.471178
10.74613027,4.849850222,776.4636132,5506.140941,0.641781105,6334.691465
45.1015837,5.258980148,314.1528729,7998.269842,1.712393354,8404.396208
98.96521355,4.891967367,0.012731591,6320.698608,0.609304271,6442.942019
54.08182,4.652531945,156.9342603,4736.874269,0.706266937,4973.994166
58.11073772,5.16514332,200.4726862,3343.118177,0.518476169,3629.111949
24.36463837,5.075951574,371.1327444,5950.669876,0.795542635,6386.294832
95.98508758,4.959980166,121.3663681,10986.43807,1.422241844,11214.40649
42.71782304,4.763438537,173.5485247,10535.30102,1.155448344,10763.79509
37.89754151,4.642920673,51.69558598,7339.125625,0.528417466,7446.187695
100.1813054,5.038788625,154.2611147,8146.987383,2.564745682,8409.690835
63.20628369,5.205878744,483.0889981,2294.853734,4.232667147,2864.633198
58.25266452,4.735860376,177.9330219,11218.33472,0.962497933,11504.14677
65.79082695,4.763206419,397.1107514,8186.954659,0.851152746,8701.813487
42.52134682,4.809123205,424.8209611,3039.319061,0.5796152,3555.07774
82.14808964,5.28120477,3.030687886,7840.585248,0.599235787,7973.958702
45.64257535,4.739046853,65.02385815,9250.268438,1.505445376,9377.618311
55.53075673,5.086335755,0.014893896,4748.341434,1.492983564,4850.024425
45.89276472,5.265442728,0.101885354,5962.796208,0.924409629,6032.837495
24.55880605,5.052653735,143.7755584,2440.633862,4.971401752,2658.920141
26.05528695,4.734125267,639.8397526,2912.92373,4.798581492,3628.108905
71.10318929,5.089620255,489.6630139,10843.49662,1.125699824,11456.79089
62.22932009,5.126344149,0.713069374,5746.782868,0.919355693,5858.706118
46.69175174,5.043323622,94.12851208,7439.598662,0.616733577,7604.740507
82.95325434,5.068654853,5.979486987,3932.047399,1.369198183,4047.134512
25.78958209,4.626689359,7.153931056,6471.427185,3.641268068,6545.856103
13.87071939,5.122884219,294.6572517,5721.498003,2.109804864,6081.375222
61.12322221,4.809541408,435.5379551,2640.030957,1.116052821,3181.977954
12.78917612,4.732819914,242.7565401,10427.38763,5.266858125,10722.14889
53.02282078,5.295251622,537.4362214,5620.349644,4.018381836,6256.333483
76.17915685,5.275640953,54.1587489,9002.119851,0.593427493,9179.998086
82.33376608,5.240126117,247.3587242,11090.42746,0.527374818,11442.26779
91.51387661,5.105506345,705.8422145,4972.922222,0.678924778,5825.578265
74.48527426,5.100490159,133.8020907,10627.21373,0.86370896,10857.42936
54.89898986,4.776325792,22.95223574,5622.624742,1.591644392,5714.038556
27.8083682,5.021325322,14.96830037,9782.089499,0.535460741,9875.60547
83.74174889,4.963750035,600.1162772,7099.886297,1.826926545,7835.972835
81.59012305,4.978626253,371.5952534,9577.177056,0.780207101,10048.37641
29.68103173,5.161948677,30.82579607,4985.483878,0.717430628,5055.086744
57.7399239,4.864950415,0.528617989,6711.364094,1.561211839,6801.76362
98.46556784,5.154673965,0.915249673,5133.362921,1.774994481,5270.736145
90.50280604,4.630140837,312.6815314,10256.83861,7.149093126,10678.91282
19.91692935,5.113137719,8.101964221,6414.219074,0.516049016,6495.807335
41.29123837,5.063706546,208.4541169,9216.446602,0.568916822,9472.607788
98.47988864,5.248535784,63.96922359,3333.661257,2.418692587,3511.009835
19.29639931,4.728770567,170.5904272,10811.62593,1.107440636,11023.30652
27.43910879,4.775539078,12.28906513,10295.27341,0.593989399,10369.47992
81.07068368,5.200058159,4.610355599,10341.22496,1.167635394,10439.33821
59.05986391,4.810102853,66.75007587,8137.106174,0.560701547,8280.080154
41.97178695,5.211319759,0.63770208,6936.46019,1.023753605,7036.060913
62.57292687,5.15365129,0.244046837,9460.771986,1.047896915,9552.233184
98.31548309,5.278415151,261.8879222,9194.725512,2.494100778,9584.93236
80.47375397,4.875909624,10.26964444,2257.156802,22.2763914,2423.105728
80.84509364,4.983780293,399.3168998,5766.220635,8.43174034,6286.251166
16.17021344,5.21428661,3.958437678,11989.54273,0.886681732,12035.46603
42.76501015,5.078537002,28.11187323,2991.341673,0.70621324,3109.26856
78.41431447,5.174990638,93.81139273,6847.96923,1.252187601,7034.092247
29.82023286,5.140008689,4.347703013,2774.658355,0.767844149,2840.56536
40.32346988,4.960345989,309.016783,9487.715284,0.640426067,9871.662195
43.25366745,4.825087427,749.2816195,5476.516356,0.514523767,6296.064307
39.68753757,4.973090343,834.2054892,9628.780321,2.380268808,10553.38323
21.04750122,4.964383852,95.20103175,9222.878,1.542848093,9383.938245
65.67481999,5.059006239,236.682438,7349.571922,1.123980098,7675.229885
12.24064655,4.677760288,318.8646638,8472.444079,0.576145848,8852.394806
13.76158592,5.291398303,619.7242106,5521.352079,0.761536642,6184.032103
99.42283211,5.202185069,9.721397341,3596.30524,14.30300733,3740.032285
11.28510329,4.908224354,114.8040418,4108.845165,0.509331865,4253.372041
23.9233639,4.710453482,462.4361013,9021.405023,1.925200813,9562.288215
78.27886866,4.873253332,813.3667658,4342.657124,2.22489555,5259.806893
24.59681321,4.799482476,0.668552561,6234.09257,10.6094716,6286.005816
49.0749783,4.764056024,38.52447449,9865.891545,0.704093026,9969.752097
82.00541645,5.029901505,62.69169328,8361.131374,0.557448204,8529.507185
33.01108072,4.791727349,995.339718,6913.95214,0.595380058,7965.270575
43.67845965,5.270165917,320.9921789,10563.75309,1.520509555,10939.99738
84.73296561,4.969375416,459.3617146,2930.659302,0.64958521,3515.738448
97.61679518,5.216816032,6.920647838,6195.503827,1.462408268,6347.141553
88.36323587,5.0939294,146.7929974,6008.086473,1.247210158,6253.91989
16.84381979,4.722795243,12.95936615,2276.081085,1.103461305,2328.298707
100.4484338,4.771571154,1.392759017,4682.24396,0.70685647,4797.851213
10.12697813,5.281824661,1.755672213,9594.571506,1.030499,9657.733853
72.11516952,4.710937592,816.1828902,2287.879541,0.618476308,3214.831815
36.69985489,4.88658372,5.97E-08,3537.603677,6.148441557,3588.308607
69.61902505,4.869154439,247.8298779,4839.330228,2.824031342,5168.692841
73.59523044,5.208549428,116.3926871,10002.77455,0.659193463,10203.75468
45.69935325,4.883129096,796.9479023,7650.804755,0.55349248,8506.419999
75.68737669,5.238580138,214.6022198,2629.717511,0.731908418,2958.744796
78.98103047,4.62837221,30.7885804,10945.23023,1.876942051,11101.6192
67.66968602,5.239620872,55.21709415,3134.910066,0.505182302,3266.565587
56.05713489,5.045602987,1.284433319,7333.738806,0.504928076,7439.958198
69.95095028,5.290959452,387.9734766,7740.675452,0.523962414,8236.640171
18.929309,5.217456073,7.177695439,7528.937877,0.721179936,7592.392665
46.1222108,4.886712969,11.08027874,9994.569366,0.534630879,10092.41962
55.00065815,4.749064097,166.5185593,7741.743135,0.641669353,7980.986893
92.06513687,5.170848409,10.41259195,5546.151407,0.615288472,5683.005083
57.78702479,5.203394865,4.801757101,3262.923648,41.70645702,3414.349005
90.59600333,4.621738435,950.8951863,6178.379318,0.697584037,7246.3972
11.32089822,4.78875353,0.000108056,9109.983245,1.231342568,9157.560558
99.53051339,5.090035709,570.0728456,8899.805957,1.556346469,9623.662401
15.49942145,5.090412541,377.8629676,8620.783821,2.049647371,9062.226255
75.41600215,5.22583579,237.5142527,8722.452751,1.222657678,9055.452992
71.77714648,5.238925796,126.2531248,5003.110993,1.836956236,5217.201361
53.66105549,5.26471422,290.2134858,6392.841924,0.78791295,6783.249681
89.1201737,5.18262244,12.30918675,2213.469581,0.698874586,2341.108661
45.38588111,5.283867583,35.85065387,9497.888886,0.579909876,9596.282141
65.54736636,4.913824631,0.053031864,9389.22094,0.902164337,9483.308334
16.39787516,4.927690315,630.9278681,2539.710615,1.974440805,3242.434702
88.19945826,5.293425729,1.817708234,3428.109324,0.905315263,3524.654113
91.81590834,4.850319163,2.283826762,2516.829378,1.114268672,2640.317528
50.20886993,5.207922722,31.32606346,10544.10776,7.015809717,10676.77359
88.85694927,5.197932011,43.94625449,9968.769582,0.970635838,10153.5405
28.80439306,4.654716956,0.137713511,10614.42983,5.231940974,10682.00937
32.35447806,5.040281932,7.820459689,9844.164688,1.199954351,9907.471147
49.09234629,5.289643558,638.3906271,5246.499653,1.281321176,5961.458541
100.5688415,4.748347782,51.47572411,11667.71859,3.457611282,11874.64941
19.85033694,4.93125591,0.815218011,9425.609172,4.192075,9460.842719
21.73998828,5.225920604,489.2384707,5563.288095,1.738383519,6123.955612
55.69892657,5.238882944,1.911948833,6980.472181,0.603960069,7054.185936
27.80191932,4.728342388,375.8144892,6880.395308,1.069326707,7292.060524
81.12549987,4.676674241,861.2665054,7097.898548,2.075553214,8056.150319
17.54479487,5.160632211,907.730021,5671.827893,2.148087606,6636.314493
92.35520889,4.897527081,806.9909313,11349.90992,1.359938756,12274.90656
71.14563273,5.184820918,143.5042626,5926.663457,1.735741813,6188.614731
76.82977268,5.231724869,277.3437086,5547.376098,0.568218664,5945.105548
27.43651933,4.6939223,252.2698072,9773.233363,1.338840518,10090.78169
98.00742796,4.929966689,306.3181781,3847.568476,1.251429308,4275.881967
46.87813548,4.75748543,0.145525626,4636.297823,1.774820449,4691.384474
62.72945871,5.111537791,3.97565047,7082.346874,2.267503485,7178.962921
86.53007228,5.061138165,6.548265155,8731.911639,1.565716499,8843.406424
90.42957654,5.207337198,794.2457532,7518.089632,2.322434043,8443.845777
11.52076978,5.20367966,424.3875371,5452.551376,0.679552793,5904.66448
63.81044987,5.268008557,0.187413872,7964.64037,0.503298314,8084.293526
35.45805497,5.281443331,7.375011732,8997.349863,0.614483278,9084.210675
56.040496,5.251661149,946.4610967,5749.032302,0.52146631,6804.010566
52.6224125,4.803841338,912.7810402,8388.664941,2.704668072,9371.910455
17.93040083,5.01249816,931.3551136,9175.676551,0.797616935,10180.63727
49.01971509,4.946526542,540.5107878,8893.115859,0.556164901,9528.517021
80.96822515,4.851246311,111.7895484,2848.860989,1.430993471,3091.076297
65.12167784,5.273781106,856.5467339,6374.223198,2.084502784,7312.166192
66.3969427,5.17090879,1.236146232,10720.68572,0.842657433,10839.30171
40.37717444,5.016195805,615.0607543,5040.366697,1.734665478,5711.790339
26.67022624,4.866869935,604.3328447,4077.833436,1.281865089,4745.504221
29.25782705,5.268301365,360.5578869,9230.809926,1.143420608,9661.916413
76.89289195,5.247862165,266.9012822,3730.126577,1.594289154,4127.619035
79.99789563,5.140650737,1.105361007,6225.503165,0.593299702,6324.648832
99.23697635,4.764271029,216.240013,4731.360695,4.442875708,5099.076749
22.36197963,4.989463388,386.0760207,4258.218397,0.559010123,4721.670798
67.15784751,5.153805495,18.86196781,11576.81493,0.724788536,11714.22983
88.61619997,4.634734434,253.9483648,7583.382038,0.88616385,7939.337736
10.57874495,4.71979559,0.005828103,4041.529419,1.461899979,4091.11951
60.73513119,4.651793011,7.212777061,4288.562595,0.539540492,4408.663438
85.84558894,5.234550129,134.4697294,4461.192446,0.855681672,4699.504329
90.09336475,4.933323365,71.20573776,4478.406951,0.504381058,4692.022331
69.91675015,5.15771676,86.96446572,6458.361217,3.305150997,6671.968103
70.95820711,4.968502991,107.9687785,2621.334061,1.171987689,2817.210717
98.02042474,5.233623905,2.172585581,3457.033351,0.738103198,3612.077838
99.39214523,5.228442613,0.652677684,4498.525566,1.695265069,4638.425163
38.52335817,5.236067804,0.000967501,4645.938386,2.702375964,4706.912758
67.96074293,5.258494792,20.14176709,6192.059292,3.417198051,6316.217254
49.79607721,4.827596757,852.1403944,7892.169513,1.210669147,8838.619592
53.36687062,4.686480301,371.0633238,7032.121109,0.530514335,7482.036854
51.14423883,4.936863366,0.17005017,4674.599926,0.6579809,4778.492166
78.50239952,5.28744283,133.8534355,8203.230643,0.729536722,8467.395537
87.9957397,4.957068791,24.43673157,8147.911256,0.577429182,8303.148335
81.42729074,5.217102241,501.1632423,11926.88875,0.581650915,12521.68265
12.54792338,5.251047196,707.0494647,4733.25435,1.20566177,5465.264145
31.33464211,5.219433241,8.224322025,3957.391809,0.845388375,4038.00596
56.98182156,4.724387696,185.7826938,8034.750532,0.926857052,8293.166069
61.43297887,4.848415979,1.774112734,2264.898665,0.518488863,2350.97867
49.58060295,5.103786777,793.8866921,8115.859892,1.106993756,9004.439591
98.10061084,5.148145482,116.876195,5752.359372,0.534668795,6008.166634
50.56256304,4.933168667,14.51067061,7375.748915,1.398638564,7457.745499
90.22740612,4.746956136,838.8279651,9153.60137,2.233123274,10102.95389
39.11158,4.841868564,18.45594631,5202.07976,1.757500558,5285.294092
43.84970706,5.161162609,13.48420276,6412.7749,0.669451284,6477.60759
82.10003423,4.844349839,134.2786388,8635.569613,0.609659469,8875.356055
23.40316086,4.912429053,571.5606796,4126.911016,18.07523691,4749.605249
36.26485675,4.922188786,2.903767588,8501.980447,0.993962997,8595.581036
93.93535792,4.950399408,5.29615021,8108.870321,0.510037522,8239.719795
25.70194066,4.699669303,4.7154802,6408.764817,4.869659131,6452.276711
59.27736523,5.289882959,1.776015917,5502.495117,0.780394451,5570.880961
19.40411776,4.72659306,0.002446168,4110.169917,0.571999383,4180.533602
49.04574066,4.907782803,537.3229674,8593.999205,0.632513655,9220.843557
73.00914417,4.84013155,704.2430715,9003.736908,1.764077266,9788.238864
44.26740209,5.168504178,882.5552846,2425.492896,0.64554333,3389.762651
36.64390908,4.800392236,399.626181,2475.482561,13.5681987,2969.368147
49.1523035,5.266729223,373.1899926,10272.44269,1.343211777,10708.29042
87.92962331,4.634524135,610.2558237,4900.783056,1.235882319,5628.779163
11.62532993,4.985314905,422.0863208,11806.46095,1.679889505,12279.74831
82.67472386,5.035220316,6.80450471,2674.824112,6.423272664,2821.285122
63.73109806,4.884930847,32.51682523,10738.9604,0.635922556,10860.45688
92.55320466,5.150132585,158.6679101,8718.069241,0.513337242,8992.036272
94.70585541,5.044789583,17.17497708,7381.849258,1.163729663,7510.612648
65.36791107,5.175716553,97.30034312,9941.950807,0.840425906,10147.17644
57.6484873,5.155498673,477.1604023,6418.928119,0.506728708,7001.591782
16.7714168,4.661316704,92.57075763,6688.916042,2.098753909,6833.3185
25.63279996,5.235419028,313.5109559,5387.042781,0.712815746,5757.524842
57.00298364,5.120882489,440.9006163,2065.221227,75.37243215,2676.975061
17.01535023,4.671908098,0.053618207,9550.601574,0.549387703,9592.395014
65.54584571,5.242536892,122.3240469,4765.896206,0.690893174,4970.255207
79.40498404,4.70254993,937.0926246,2192.771622,1.998246974,3240.934552
24.88327506,4.642825004,6.91E-05,5526.665547,0.627130006,5565.647935
53.25648484,5.07518895,8.235390633,10793.97059,0.510479375,10890.56006
12.88141586,4.708899106,102.4555399,10623.30682,0.570264134,10762.41186
11.40153411,5.022515323,360.3281361,7251.411267,2.128669866,7660.660782
100.5980234,4.98619587,929.8839125,7711.693419,0.843483803,8770.592131
75.95880632,5.06552176,16.8344793,7261.758099,54.23063768,7451.48243
34.09890004,5.192572102,291.2293896,11692.52532,10.76425559,12071.77249
66.56842554,5.078601222,0.397167346,5289.948116,0.519458547,5405.018235
72.32298418,5.285621517,561.8389685,4440.234676,0.951638677,5127.976176
76.94131149,4.708317089,38.72471686,3885.256252,0.854826974,4011.415934
58.16250818,5.136048292,3.172574842,7091.605709,1.35261118,7183.999983
98.4274958,5.162488811,9.315143351,3635.971444,6.04514416,3771.480255
32.44344627,4.689296101,273.8207093,10552.20945,0.558988141,10880.34929
79.31929195,4.825423385,412.8855368,3014.504032,0.636524124,3556.09706
61.62253035,4.929503788,663.8126456,9320.953939,0.555930171,10092.78045
95.54554605,4.795167539,317.0657329,2802.064609,0.545514995,3247.873792
79.07245711,4.686781594,9.673156649,4297.091715,0.563724861,4430.140728
35.82049395,5.269146815,294.6998348,9615.243099,0.571150066,9990.01187
19.19225265,4.667112182,133.1188946,8533.287915,0.672145614,8708.009795
11.15080299,5.099591548,21.94218338,2669.217829,3.328890205,2714.115664
20.26028311,4.713385904,1.809967438,2925.100546,1.183894847,2967.453894
46.88132253,4.948067226,24.3176317,3720.433362,2.875079037,3823.718819
33.36966268,5.077536105,950.8809529,8233.106932,0.947768692,9240.288845
95.08436391,5.064162694,109.5519972,10258.555,0.649707745,10501.40333
76.76705052,5.189747265,0.00224219,3784.03469,1.085228088,3912.236096
37.42909145,5.185595706,1.081576721,2330.762348,1.842464631,2418.071374
68.97519944,5.253743386,0.081213552,11050.20756,1.580123148,11148.99211
21.03099052,5.00853384,89.46523515,8179.693709,0.584139985,8319.786479
60.74648952,5.046563639,4.368784928,10206.05434,0.544256607,10320.15764
59.75483816,5.106753702,223.5558345,7966.567356,0.592646197,8306.565146
67.91836429,4.711235102,636.954698,3802.206648,2.296750972,4563.101999
76.72704113,5.045479472,575.4809958,7620.384909,1.117830692,8306.505273
76.46973469,5.191069489,144.6101636,10518.82628,0.553371516,10791.52264
52.20306562,5.278923483,196.5995333,4379.248626,0.520421309,4638.295152
43.89935684,4.870835939,826.3240878,5937.084832,0.625098571,6850.168975
42.50594289,5.023178524,62.728843,10109.1897,1.995710951,10246.33884
66.72087115,4.958355193,140.9472179,5303.72454,0.747546053,5520.775755
57.21777154,5.165172434,932.4622982,4341.592724,0.509594342,5367.229928
68.64729662,4.910460076,954.7286461,5844.654875,0.755551805,6916.062849
65.06889243,5.253439013,7.370567572,3991.670769,4.23312495,4091.286789
91.71510664,5.060536749,88.18624546,3474.180759,3.471937501,3665.755031
57.26692773,4.872840516,965.0673157,10839.27581,0.715120442,11903.53324
61.65151653,4.933487013,251.4246867,6735.065566,1.428444876,7071.896041
100.6459675,5.079455925,0.029255466,7414.512842,5.683679913,7539.811648
39.41021054,4.6840889,33.17465512,10014.84949,0.802236394,10109.72489
